User_ID,total_spend,avg_spend,transaction_count,academic supplies,clothing,entertainment,food & dining,health,personal care,rent,transportation,utilities,cluster
STU_2024_001,3521.95,176.0975,20,0.0192506991865301,0.0567867232641008,0.0363378242166981,0.0584534135919022,0.0425900424480756,0.0227146893056403,0.6814406791692101,0.0241343573872428,0.0582915714305995,0
STU_2024_002,2231.92,111.596,20,0.040319545503423,0.0336033549589591,0.0326983045987311,0.0526676583390085,0.022402236639306,0.0228054768988135,0.7168715724577942,0.0291229076310978,0.0495089429728664,0
STU_2024_003,5453.18,272.659,20,0.0449279136210431,0.0825206576713037,0.048591830821649,0.0765424944711159,0.0550137717808691,0.0449279136210431,0.5501377178086914,0.0385096402466084,0.058828059957676,0
STU_2024_004,1541.92,77.096,20,0.029826450140085,0.0226989727093493,0.027225796409671,0.0502944381031441,0.0129708415481996,0.0200399501919684,0.7782504928919788,0.0194562623222994,0.0392367956833039,0
STU_2024_005,3131.37,156.5685,20,0.0402347854134132,0.0574828270054321,0.0367187524949143,0.0717257941412225,0.038321884670288,0.0319349038919067,0.6386980778381347,0.033531649086502,0.051351325458186,0
