User_ID,total_spend,avg_spend,transaction_count,academic supplies,clothing,entertainment,food & dining,health,personal care,rent,transportation,utilities
STU_2024_001,5267.34,229.01478260869567,23,0.012871772089897367,0.03796982917373855,0.052772367077120526,0.05719585217586105,0.02847737188030391,0.01518793166949542,0.7404116688879017,0.01613717739883888,0.038976029646842617
STU_2024_002,2578.3199999999997,103.13279999999999,25,0.034902572217568026,0.06205591237705172,0.03800148934189705,0.1372793136616091,0.019392472617828664,0.01974153712494958,0.6205591237705173,0.02521021440317726,0.042857364485401346
STU_2024_003,6203.18,281.9627272727273,22,0.03949587147237384,0.19344916639530046,0.0427168000928556,0.06728806837783201,0.048362291598825116,0.03949587147237384,0.4836229159882512,0.03385360411917758,0.05171541048301033
STU_2024_004,1541.92,77.096,20,0.02982645014008509,0.022698972709349383,0.02722579640967106,0.05029443810314413,0.012970841548199646,0.020039950191968452,0.7782504928919788,0.01945626232229947,0.03923679568330393
STU_2024_005,3131.37,156.5685,20,0.04023478541341329,0.05748282700543212,0.03671875249491436,0.07172579414122253,0.03832188467028808,0.03193490389190674,0.6386980778381347,0.03353164908650207,0.051351325458186034
