User_ID,total_spend,avg_spend,transaction_count,academic supplies,clothing,entertainment,food & dining,health,personal care,rent,transportation,utilities
STU_2024_001,3521.95,176.0975,20,0.019250699186530187,0.05678672326410085,0.03633782421669813,0.05845341359190221,0.042590042448075634,0.02271468930564034,0.6814406791692101,0.02413435738724286,0.05829157143059952
STU_2024_002,2231.92,111.596,20,0.04031954550342306,0.0336033549589591,0.03269830459873114,0.05266765833900857,0.02240223663930607,0.022805476898813577,0.7168715724577942,0.02912290763109789,0.04950894297286641
STU_2024_003,5453.18,272.659,20,0.04492791362104313,0.08252065767130372,0.04859183082164902,0.07654249447111593,0.05501377178086914,0.04492791362104313,0.5501377178086914,0.0385096402466084,0.05882805995767607
STU_2024_004,1541.92,77.096,20,0.02982645014008509,0.022698972709349383,0.02722579640967106,0.05029443810314413,0.012970841548199646,0.020039950191968452,0.7782504928919788,0.01945626232229947,0.03923679568330393
STU_2024_005,3131.37,156.5685,20,0.04023478541341329,0.05748282700543212,0.03671875249491436,0.07172579414122253,0.03832188467028808,0.03193490389190674,0.6386980778381347,0.03353164908650207,0.051351325458186034
