User_ID,total_spend,avg_spend,transaction_count,academic supplies,clothing,entertainment,food & dining,health,personal care,rent,transportation,utilities,cluster
STU_2024_001,5267.34,229.01478260869567,23,0.0128717720898973,0.0379698291737385,0.0527723670771205,0.057195852175861,0.0284773718803039,0.0151879316694954,0.7404116688879017,0.0161371773988388,0.0389760296468426,1
STU_2024_002,2578.32,103.1328,25,0.034902572217568,0.0620559123770517,0.038001489341897,0.1372793136616091,0.0193924726178286,0.0197415371249495,0.6205591237705173,0.0252102144031772,0.0428573644854013,1
STU_2024_003,6203.18,281.9627272727273,22,0.0394958714723738,0.1934491663953004,0.0427168000928556,0.067288068377832,0.0483622915988251,0.0394958714723738,0.4836229159882512,0.0338536041191775,0.0517154104830103,0
STU_2024_004,1541.92,77.096,20,0.029826450140085,0.0226989727093493,0.027225796409671,0.0502944381031441,0.0129708415481996,0.0200399501919684,0.7782504928919788,0.0194562623222994,0.0392367956833039,1
STU_2024_005,3131.37,156.5685,20,0.0402347854134132,0.0574828270054321,0.0367187524949143,0.0717257941412225,0.038321884670288,0.0319349038919067,0.6386980778381347,0.033531649086502,0.051351325458186,0
